asset,sharpe,max_dd,final_equity,trades,total_return
AAPL_MR,-0.03288,0.00216983,99987,125,-0.000129609
GOOGL_MR,0.210376,0.00341186,100153,151,0.00152577
MSFT_MR,-0.0223963,0.00128794,99994.1,113,-5.94702e-05
