asset,sharpe,max_dd,final_equity,trades,total_return
AAPL_MOM,0.569601,0.00232833,100376,109,0.00375709
GOOGL_MOM,0.706677,0.00396758,100876,110,0.00875934
MSFT_MOM,0.375589,0.00156735,100164,119,0.00163733
